Int_0001	Int64
Int_0002	Int64
Int_0003	Int64
Int_0004	Int64
Int_0005	Int64
Int_0006	Int64
Int_0007	Int64
Int_0008	Int64
Int_0009	Int64
Int_0010	Int64
Int_0011	Int64
Int_0012	Int64
Int_0013	Int64
Int_0014	Int64
Int_0015	Int64
Int_0016	Int64
Int_0017	Int64
Int_0018	Int64
Int_0019	Int64
Int_0020	Int64
Int_0021	Int64
Int_0022	Int64
Int_0023	Int64
Int_0024	Int64
Int_0025	Int64
Int_0026	Int64
Int_0027	Int64
Int_0028	Int64
Int_0029	Int64
Int_0030	Int64
Int_0031	Int64
Int_0032	Int64
Int_0033	Int64
Int_0034	Int64
Int_0035	Int64
Int_0036	Int64
Int_0037	Int64
Int_0038	Int64
Int_0039	Int64
Int_0040	Int64
Int_0041	Int64
Int_0042	Int64
Int_0043	Int64
Int_0044	Int64
Int_0045	Int64
Int_0046	Int64
Int_0047	Int64
Int_0048	Int64
Int_0049	Int64
Int_0050	Int64
Int_0051	Int64
Int_0052	Int64
Int_0053	Int64
Int_0054	Int64
Int_0055	Int64
Int_0056	Int64
Int_0057	Int64
Int_0058	Int64
Int_0059	Int64
Int_0060	Int64
Int_0061	Int64
Int_0062	Int64
Int_0063	Int64
Int_0064	Int64
Int_0065	Int64
Int_0066	Int64
Int_0067	Int64
Int_0068	Int64
Int_0069	Int64
Int_0070	Int64
Int_0071	Int64
Int_0072	Int64
Int_0073	Int64
Int_0074	Int64
Int_0075	Int64
Int_0076	Int64
Int_0077	Int64
Int_0078	Int64
Int_0079	Int64
Int_0080	Int64
Int_0081	Int64
Int_0082	Int64
Int_0083	Int64
Int_0084	Int64
Int_0085	Int64
Int_0086	Int64
Int_0087	Int64
Int_0088	Int64
Int_0089	Int64
Int_0090	Int64
Int_0091	Int64
Int_0092	Int64
Int_0093	Int64
Int_0094	Int64
Int_0095	Int64
Int_0096	Int64
Int_0097	Int64
Int_0098	Int64
Int_0099	Int64
Int_0100	Int64
Int_0101	Int64
Int_0102	Int64
Int_0103	Int64
Int_0104	Int64
Int_0105	Int64
Int_0106	Int64
Int_0107	Int64
Int_0108	Int64
Int_0109	Int64
Int_0110	Int64
Int_0111	Int64
Int_0112	Int64
Int_0113	Int64
Int_0114	Int64
Int_0115	Int64
Int_0116	Int64
Int_0117	Int64
Int_0118	Int64
Int_0119	Int64
Int_0120	Int64
Int_0121	Int64
Int_0122	Int64
Int_0123	Int64
Int_0124	Int64
Int_0125	Int64
Int_0126	Int64
Int_0127	Int64
Int_0128	Int64
Int_0129	Int64
Int_0130	Int64
Int_0131	Int64
Int_0132	Int64
Int_0133	Int64
Int_0134	Int64
Int_0135	Int64
Int_0136	Int64
Int_0137	Int64
Int_0138	Int64
Int_0139	Int64
Int_0140	Int64
Int_0141	Int64
Int_0142	Int64
Int_0143	Int64
Int_0144	Int64
Int_0145	Int64
Int_0146	Int64
Int_0147	Int64
Int_0148	Int64
Int_0149	Int64
Int_0150	Int64
Int_0151	Int64
Int_0152	Int64
Int_0153	Int64
Int_0154	Int64
Int_0155	Int64
Int_0156	Int64
Int_0157	Int64
Int_0158	Int64
Int_0159	Int64
Int_0160	Int64
Int_0161	Int64
Int_0162	Int64
Int_0163	Int64
Int_0164	Int64
Int_0165	Int64
Int_0166	Int64
Int_0167	Int64
Int_0168	Int64
Int_0169	Int64
Int_0170	Int64
Int_0171	Int64
Int_0172	Int64
Int_0173	Int64
Int_0174	Int64
Int_0175	Int64
Int_0176	Int64
Int_0177	Int64
Int_0178	Int64
Int_0179	Int64
Int_0180	Int64
Int_0181	Int64
Int_0182	Int64
Int_0183	Int64
Int_0184	Int64
Int_0185	Int64
Int_0186	Int64
Int_0187	Int64
Int_0188	Int64
Int_0189	Int64
Int_0190	Int64
Int_0191	Int64
Int_0192	Int64
Int_0193	Int64
Int_0194	Int64
Int_0195	Int64
Int_0196	Int64
Int_0197	Int64
Int_0198	Int64
Int_0199	Int64
Int_0200	Int64
Int_0201	Int64
Int_0202	Int64
Int_0203	Int64
Int_0204	Int64
Int_0205	Int64
Int_0206	Int64
Int_0207	Int64
Int_0208	Int64
Int_0209	Int64
Int_0210	Int64
Int_0211	Int64
Int_0212	Int64
Int_0213	Int64
Int_0214	Int64
Int_0215	Int64
Int_0216	Int64
Int_0217	Int64
Int_0218	Int64
Int_0219	Int64
Int_0220	Int64
Int_0221	Int64
Int_0222	Int64
Int_0223	Int64
Int_0224	Int64
Int_0225	Int64
Int_0226	Int64
Int_0227	Int64
Int_0228	Int64
Int_0229	Int64
Int_0230	Int64
Int_0231	Int64
Int_0232	Int64
Int_0233	Int64
Int_0234	Int64
Int_0235	Int64
Int_0236	Int64
Int_0237	Int64
Int_0238	Int64
Int_0239	Int64
Int_0240	Int64
Int_0241	Int64
Int_0242	Int64
Int_0243	Int64
Int_0244	Int64
Int_0245	Int64
Int_0246	Int64
Int_0247	Int64
Int_0248	Int64
Int_0249	Int64
Int_0250	Int64
Int_0251	Int64
Int_0252	Int64
Int_0253	Int64
Int_0254	Int64
Int_0255	Int64
Int_0256	Int64
Int_0257	Int64
Int_0258	Int64
Int_0259	Int64
Int_0260	Int64
Int_0261	Int64
Int_0262	Int64
Int_0263	Int64
Int_0264	Int64
Int_0265	Int64
Int_0266	Int64
Int_0267	Int64
Int_0268	Int64
Int_0269	Int64
Int_0270	Int64
Int_0271	Int64
Int_0272	Int64
Int_0273	Int64
Int_0274	Int64
Int_0275	Int64
Int_0276	Int64
Int_0277	Int64
Int_0278	Int64
Int_0279	Int64
Int_0280	Int64
Int_0281	Int64
Int_0282	Int64
Int_0283	Int64
Int_0284	Int64
Int_0285	Int64
Int_0286	Int64
Int_0287	Int64
Int_0288	Int64
Int_0289	Int64
Int_0290	Int64
Int_0291	Int64
Int_0292	Int64
Int_0293	Int64
Int_0294	Int64
Int_0295	Int64
Int_0296	Int64
Int_0297	Int64
Int_0298	Int64
Int_0299	Int64
Int_0300	Int64
Int_0301	Int64
Int_0302	Int64
Int_0303	Int64
Int_0304	Int64
Int_0305	Int64
Int_0306	Int64
Int_0307	Int64
Int_0308	Int64
Int_0309	Int64
Int_0310	Int64
Int_0311	Int64
Int_0312	Int64
Int_0313	Int64
Int_0314	Int64
Int_0315	Int64
Int_0316	Int64
Int_0317	Int64
Int_0318	Int64
Int_0319	Int64
Int_0320	Int64
Int_0321	Int64
Int_0322	Int64
Int_0323	Int64
Int_0324	Int64
Int_0325	Int64
Int_0326	Int64
Int_0327	Int64
Int_0328	Int64
Int_0329	Int64
Int_0330	Int64
Int_0331	Int64
Int_0332	Int64
Int_0333	Int64
Int_0334	Int64
Int_0335	Int64
Int_0336	Int64
Int_0337	Int64
Int_0338	Int64
Int_0339	Int64
Int_0340	Int64
Int_0341	Int64
Int_0342	Int64
Int_0343	Int64
Int_0344	Int64
Int_0345	Int64
Int_0346	Int64
Int_0347	Int64
Int_0348	Int64
Int_0349	Int64
Int_0350	Int64
Int_0351	Int64
Int_0352	Int64
Int_0353	Int64
Int_0354	Int64
Int_0355	Int64
Int_0356	Int64
Int_0357	Int64
Int_0358	Int64
Int_0359	Int64
Int_0360	Int64
Int_0361	Int64
Int_0362	Int64
Int_0363	Int64
Int_0364	Int64
Int_0365	Int64
Int_0366	Int64
Int_0367	Int64
Int_0368	Int64
Int_0369	Int64
Int_0370	Int64
Int_0371	Int64
Int_0372	Int64
Int_0373	Int64
Int_0374	Int64
Int_0375	Int64
Int_0376	Int64
Int_0377	Int64
Int_0378	Int64
Int_0379	Int64
Int_0380	Int64
Int_0381	Int64
Int_0382	Int64
Int_0383	Int64
Int_0384	Int64
Int_0385	Int64
Int_0386	Int64
Int_0387	Int64
Int_0388	Int64
Int_0389	Int64
Int_0390	Int64
Int_0391	Int64
Int_0392	Int64
Int_0393	Int64
Int_0394	Int64
Int_0395	Int64
Int_0396	Int64
Int_0397	Int64
Int_0398	Int64
Int_0399	Int64
Int_0400	Int64
Int_0401	Int64
Int_0402	Int64
Int_0403	Int64
Int_0404	Int64
Int_0405	Int64
Int_0406	Int64
Int_0407	Int64
Int_0408	Int64
Int_0409	Int64
Int_0410	Int64
Int_0411	Int64
Int_0412	Int64
Int_0413	Int64
Int_0414	Int64
Int_0415	Int64
Int_0416	Int64
Int_0417	Int64
Int_0418	Int64
Int_0419	Int64
Int_0420	Int64
Int_0421	Int64
Int_0422	Int64
Int_0423	Int64
Int_0424	Int64
Int_0425	Int64
Int_0426	Int64
Int_0427	Int64
Int_0428	Int64
Int_0429	Int64
Int_0430	Int64
Int_0431	Int64
Int_0432	Int64
Int_0433	Int64
Int_0434	Int64
Int_0435	Int64
Int_0436	Int64
Int_0437	Int64
Int_0438	Int64
Int_0439	Int64
Int_0440	Int64
Int_0441	Int64
Int_0442	Int64
Int_0443	Int64
Int_0444	Int64
Int_0445	Int64
Int_0446	Int64
Int_0447	Int64
Int_0448	Int64
Int_0449	Int64
Int_0450	Int64
Int_0451	Int64
Int_0452	Int64
Int_0453	Int64
Int_0454	Int64
Int_0455	Int64
Int_0456	Int64
Int_0457	Int64
Int_0458	Int64
Int_0459	Int64
Int_0460	Int64
Int_0461	Int64
Int_0462	Int64
Int_0463	Int64
Int_0464	Int64
Int_0465	Int64
Int_0466	Int64
Int_0467	Int64
Int_0468	Int64
Int_0469	Int64
Int_0470	Int64
Int_0471	Int64
Int_0472	Int64
Int_0473	Int64
Int_0474	Int64
Int_0475	Int64
Int_0476	Int64
Int_0477	Int64
Int_0478	Int64
Int_0479	Int64
Int_0480	Int64
Int_0481	Int64
Int_0482	Int64
Int_0483	Int64
Int_0484	Int64
Int_0485	Int64
Int_0486	Int64
Int_0487	Int64
Int_0488	Int64
Int_0489	Int64
Int_0490	Int64
Int_0491	Int64
Int_0492	Int64
Int_0493	Int64
Int_0494	Int64
Int_0495	Int64
Int_0496	Int64
Int_0497	Int64
Int_0498	Int64
Int_0499	Int64
Int_0500	Int64
Int_0501	Int64
Int_0502	Int64
Int_0503	Int64
Int_0504	Int64
Int_0505	Int64
Int_0506	Int64
Int_0507	Int64
Int_0508	Int64
Int_0509	Int64
Int_0510	Int64
Int_0511	Int64
Int_0512	Int64
Int_0513	Int64
Int_0514	Int64
Int_0515	Int64
Int_0516	Int64
Int_0517	Int64
Int_0518	Int64
Int_0519	Int64
Int_0520	Int64
Int_0521	Int64
Int_0522	Int64
Int_0523	Int64
Int_0524	Int64
Int_0525	Int64
Int_0526	Int64
Int_0527	Int64
Int_0528	Int64
Int_0529	Int64
Int_0530	Int64
Int_0531	Int64
Int_0532	Int64
Int_0533	Int64
Int_0534	Int64
Int_0535	Int64
Int_0536	Int64
Int_0537	Int64
Int_0538	Int64
Int_0539	Int64
Int_0540	Int64
Int_0541	Int64
Int_0542	Int64
Int_0543	Int64
Int_0544	Int64
Int_0545	Int64
Int_0546	Int64
Int_0547	Int64
Int_0548	Int64
Int_0549	Int64
Int_0550	Int64
Int_0551	Int64
Int_0552	Int64
Int_0553	Int64
Int_0554	Int64
Int_0555	Int64
Int_0556	Int64
Int_0557	Int64
Int_0558	Int64
Int_0559	Int64
Int_0560	Int64
Int_0561	Int64
Int_0562	Int64
Int_0563	Int64
Int_0564	Int64
Int_0565	Int64
Int_0566	Int64
Int_0567	Int64
Int_0568	Int64
Int_0569	Int64
Int_0570	Int64
Int_0571	Int64
Int_0572	Int64
Int_0573	Int64
Int_0574	Int64
Int_0575	Int64
Int_0576	Int64
Int_0577	Int64
Int_0578	Int64
Int_0579	Int64
Int_0580	Int64
Int_0581	Int64
Int_0582	Int64
Int_0583	Int64
Int_0584	Int64
Int_0585	Int64
Int_0586	Int64
Int_0587	Int64
Int_0588	Int64
Int_0589	Int64
Int_0590	Int64
Int_0591	Int64
Int_0592	Int64
Int_0593	Int64
Int_0594	Int64
Int_0595	Int64
Int_0596	Int64
Int_0597	Int64
Int_0598	Int64
Int_0599	Int64
Int_0600	Int64
Int_0601	Int64
Int_0602	Int64
Int_0603	Int64
Int_0604	Int64
Int_0605	Int64
Int_0606	Int64
Int_0607	Int64
Int_0608	Int64
Int_0609	Int64
Int_0610	Int64
Int_0611	Int64
Int_0612	Int64
Int_0613	Int64
Int_0614	Int64
Int_0615	Int64
Int_0616	Int64
Int_0617	Int64
Int_0618	Int64
Int_0619	Int64
Int_0620	Int64
Int_0621	Int64
Int_0622	Int64
Int_0623	Int64
Int_0624	Int64
Int_0625	Int64
Int_0626	Int64
Int_0627	Int64
Int_0628	Int64
Int_0629	Int64
Int_0630	Int64
Int_0631	Int64
Int_0632	Int64
Int_0633	Int64
Int_0634	Int64
Int_0635	Int64
Int_0636	Int64
Int_0637	Int64
Int_0638	Int64
Int_0639	Int64
Int_0640	Int64
Int_0641	Int64
Int_0642	Int64
Int_0643	Int64
Int_0644	Int64
Int_0645	Int64
Int_0646	Int64
Int_0647	Int64
Int_0648	Int64
Int_0649	Int64
Int_0650	Int64
Int_0651	Int64
Int_0652	Int64
Int_0653	Int64
Int_0654	Int64
Int_0655	Int64
Int_0656	Int64
Int_0657	Int64
Int_0658	Int64
Int_0659	Int64
Int_0660	Int64
Int_0661	Int64
Int_0662	Int64
Int_0663	Int64
Int_0664	Int64
Int_0665	Int64
Int_0666	Int64
Int_0667	Int64
Int_0668	Int64
Int_0669	Int64
Int_0670	Int64
Int_0671	Int64
Int_0672	Int64
Int_0673	Int64
Int_0674	Int64
Int_0675	Int64
Int_0676	Int64
Int_0677	Int64
Int_0678	Int64
Int_0679	Int64
Int_0680	Int64
Int_0681	Int64
Int_0682	Int64
Int_0683	Int64
Int_0684	Int64
Int_0685	Int64
Int_0686	Int64
Int_0687	Int64
Int_0688	Int64
Int_0689	Int64
Int_0690	Int64
Int_0691	Int64
Int_0692	Int64
Int_0693	Int64
Int_0694	Int64
Int_0695	Int64
Int_0696	Int64
Int_0697	Int64
Int_0698	Int64
Int_0699	Int64
Int_0700	Int64
Int_0701	Int64
Int_0702	Int64
Int_0703	Int64
Int_0704	Int64
Int_0705	Int64
Int_0706	Int64
Int_0707	Int64
Int_0708	Int64
Int_0709	Int64
Int_0710	Int64
Int_0711	Int64
Int_0712	Int64
Int_0713	Int64
Int_0714	Int64
Int_0715	Int64
Int_0716	Int64
Int_0717	Int64
Int_0718	Int64
Int_0719	Int64
Int_0720	Int64
Int_0721	Int64
Int_0722	Int64
Int_0723	Int64
Int_0724	Int64
Int_0725	Int64
Int_0726	Int64
Int_0727	Int64
Int_0728	Int64
Int_0729	Int64
Int_0730	Int64
Int_0731	Int64
Int_0732	Int64
Int_0733	Int64
Int_0734	Int64
Int_0735	Int64
Int_0736	Int64
Int_0737	Int64
Int_0738	Int64
Int_0739	Int64
Int_0740	Int64
Int_0741	Int64
Int_0742	Int64
Int_0743	Int64
Int_0744	Int64
Int_0745	Int64
Int_0746	Int64
Int_0747	Int64
Int_0748	Int64
Int_0749	Int64
Int_0750	Int64
Int_0751	Int64
Int_0752	Int64
Int_0753	Int64
Int_0754	Int64
Int_0755	Int64
Int_0756	Int64
Int_0757	Int64
Int_0758	Int64
Int_0759	Int64
Int_0760	Int64
Int_0761	Int64
Int_0762	Int64
Int_0763	Int64
Int_0764	Int64
Int_0765	Int64
Int_0766	Int64
Int_0767	Int64
Int_0768	Int64
Int_0769	Int64
Int_0770	Int64
Int_0771	Int64
Int_0772	Int64
Int_0773	Int64
Int_0774	Int64
Int_0775	Int64
Int_0776	Int64
Int_0777	Int64
Int_0778	Int64
Int_0779	Int64
Int_0780	Int64
Int_0781	Int64
Int_0782	Int64
Int_0783	Int64
Int_0784	Int64
Int_0785	Int64
Int_0786	Int64
Int_0787	Int64
Int_0788	Int64
Int_0789	Int64
Int_0790	Int64
Int_0791	Int64
Int_0792	Int64
Int_0793	Int64
Int_0794	Int64
Int_0795	Int64
Int_0796	Int64
Int_0797	Int64
Int_0798	Int64
Int_0799	Int64
Int_0800	Int64
Int_0801	Int64
Int_0802	Int64
Int_0803	Int64
Int_0804	Int64
Int_0805	Int64
Int_0806	Int64
Int_0807	Int64
Int_0808	Int64
Int_0809	Int64
Int_0810	Int64
Int_0811	Int64
Int_0812	Int64
Int_0813	Int64
Int_0814	Int64
Int_0815	Int64
Int_0816	Int64
Int_0817	Int64
Int_0818	Int64
Int_0819	Int64
Int_0820	Int64
Int_0821	Int64
Int_0822	Int64
Int_0823	Int64
Int_0824	Int64
Int_0825	Int64
Int_0826	Int64
Int_0827	Int64
Int_0828	Int64
Int_0829	Int64
Int_0830	Int64
Int_0831	Int64
Int_0832	Int64
Int_0833	Int64
Int_0834	Int64
Int_0835	Int64
Int_0836	Int64
Int_0837	Int64
Int_0838	Int64
Int_0839	Int64
Int_0840	Int64
Int_0841	Int64
Int_0842	Int64
Int_0843	Int64
Int_0844	Int64
Int_0845	Int64
Int_0846	Int64
Int_0847	Int64
Int_0848	Int64
Int_0849	Int64
Int_0850	Int64
Int_0851	Int64
Int_0852	Int64
Int_0853	Int64
Int_0854	Int64
Int_0855	Int64
Int_0856	Int64
Int_0857	Int64
Int_0858	Int64
Int_0859	Int64
Int_0860	Int64
Int_0861	Int64
Int_0862	Int64
Int_0863	Int64
Int_0864	Int64
Int_0865	Int64
Int_0866	Int64
Int_0867	Int64
Int_0868	Int64
Int_0869	Int64
Int_0870	Int64
Int_0871	Int64
Int_0872	Int64
Int_0873	Int64
Int_0874	Int64
Int_0875	Int64
Int_0876	Int64
Int_0877	Int64
Int_0878	Int64
Int_0879	Int64
Int_0880	Int64
Int_0881	Int64
Int_0882	Int64
Int_0883	Int64
Int_0884	Int64
Int_0885	Int64
Int_0886	Int64
Int_0887	Int64
Int_0888	Int64
Int_0889	Int64
Int_0890	Int64
Int_0891	Int64
Int_0892	Int64
Int_0893	Int64
Int_0894	Int64
Int_0895	Int64
Int_0896	Int64
Int_0897	Int64
Int_0898	Int64
Int_0899	Int64
Int_0900	Int64
Int_0901	Int64
Int_0902	Int64
Int_0903	Int64
Int_0904	Int64
Int_0905	Int64
Int_0906	Int64
Int_0907	Int64
Int_0908	Int64
Int_0909	Int64
Int_0910	Int64
Int_0911	Int64
Int_0912	Int64
Int_0913	Int64
Int_0914	Int64
Int_0915	Int64
Int_0916	Int64
Int_0917	Int64
Int_0918	Int64
Int_0919	Int64
Int_0920	Int64
Int_0921	Int64
Int_0922	Int64
Int_0923	Int64
Int_0924	Int64
Int_0925	Int64
Int_0926	Int64
Int_0927	Int64
Int_0928	Int64
Int_0929	Int64
Int_0930	Int64
Int_0931	Int64
Int_0932	Int64
Int_0933	Int64
Int_0934	Int64
Int_0935	Int64
Int_0936	Int64
Int_0937	Int64
Int_0938	Int64
Int_0939	Int64
Int_0940	Int64
Int_0941	Int64
Int_0942	Int64
Int_0943	Int64
Int_0944	Int64
Int_0945	Int64
Int_0946	Int64
Int_0947	Int64
Int_0948	Int64
Int_0949	Int64
Int_0950	Int64
Int_0951	Int64
Int_0952	Int64
Int_0953	Int64
Int_0954	Int64
Int_0955	Int64
Int_0956	Int64
Int_0957	Int64
Int_0958	Int64
Int_0959	Int64
Int_0960	Int64
Int_0961	Int64
Int_0962	Int64
Int_0963	Int64
Int_0964	Int64
Int_0965	Int64
Int_0966	Int64
Int_0967	Int64
Int_0968	Int64
Int_0969	Int64
Int_0970	Int64
Int_0971	Int64
Int_0972	Int64
Int_0973	Int64
Int_0974	Int64
Int_0975	Int64
Int_0976	Int64
Int_0977	Int64
Int_0978	Int64
Int_0979	Int64
Int_0980	Int64
Int_0981	Int64
Int_0982	Int64
Int_0983	Int64
Int_0984	Int64
Int_0985	Int64
Int_0986	Int64
Int_0987	Int64
Int_0988	Int64
Int_0989	Int64
Int_0990	Int64
Int_0991	Int64
Int_0992	Int64
Int_0993	Int64
Int_0994	Int64
Int_0995	Int64
Int_0996	Int64
Int_0997	Int64
Int_0998	Int64
Int_0999	Int64
Int_1000	Int64
Int_1001	Int64
Int_1002	Int64
Int_1003	Int64
Int_1004	Int64
Int_1005	Int64
Int_1006	Int64
Int_1007	Int64
Int_1008	Int64
Int_1009	Int64
Int_1010	Int64
Int_1011	Int64
Int_1012	Int64
Int_1013	Int64
Int_1014	Int64
Int_1015	Int64
Int_1016	Int64
Int_1017	Int64
Int_1018	Int64
Int_1019	Int64
Int_1020	Int64
Int_1021	Int64
Int_1022	Int64
Int_1023	Int64
Int_1024	Int64
Int_1025	Int64
Int_1026	Int64
Int_1027	Int64
Int_1028	Int64
Int_1029	Int64
Int_1030	Int64
Int_1031	Int64
Int_1032	Int64
Int_1033	Int64
Int_1034	Int64
Int_1035	Int64
Int_1036	Int64
Int_1037	Int64
Int_1038	Int64
Int_1039	Int64
Int_1040	Int64
Int_1041	Int64
Int_1042	Int64
Int_1043	Int64
Int_1044	Int64
Int_1045	Int64
Int_1046	Int64
Int_1047	Int64
Int_1048	Int64
Int_1049	Int64
Int_1050	Int64
Int_1051	Int64
Int_1052	Int64
Int_1053	Int64
Int_1054	Int64
Int_1055	Int64
Int_1056	Int64
Int_1057	Int64
Int_1058	Int64
Int_1059	Int64
Int_1060	Int64
Int_1061	Int64
Int_1062	Int64
Int_1063	Int64
Int_1064	Int64
Int_1065	Int64
Int_1066	Int64
Int_1067	Int64
Int_1068	Int64
Int_1069	Int64
Int_1070	Int64
Int_1071	Int64
Int_1072	Int64
Int_1073	Int64
Int_1074	Int64
Int_1075	Int64
Int_1076	Int64
Int_1077	Int64
Int_1078	Int64
Int_1079	Int64
Int_1080	Int64
Int_1081	Int64
Int_1082	Int64
Int_1083	Int64
Int_1084	Int64
Int_1085	Int64
Int_1086	Int64
Int_1087	Int64
Int_1088	Int64
Int_1089	Int64
Int_1090	Int64
Int_1091	Int64
Int_1092	Int64
Int_1093	Int64
Int_1094	Int64
Int_1095	Int64
Int_1096	Int64
Int_1097	Int64
Int_1098	Int64
Int_1099	Int64
Int_1100	Int64
Int_1101	Int64
Int_1102	Int64
Int_1103	Int64
Int_1104	Int64
Int_1105	Int64
Int_1106	Int64
Int_1107	Int64
Int_1108	Int64
Int_1109	Int64
Int_1110	Int64
Int_1111	Int64
Int_1112	Int64
Int_1113	Int64
Int_1114	Int64
Int_1115	Int64
Int_1116	Int64
Int_1117	Int64
Int_1118	Int64
Int_1119	Int64
Int_1120	Int64
Int_1121	Int64
Int_1122	Int64
Int_1123	Int64
Int_1124	Int64
Int_1125	Int64
Int_1126	Int64
Int_1127	Int64
Int_1128	Int64
Int_1129	Int64
Int_1130	Int64
Int_1131	Int64
Int_1132	Int64
Int_1133	Int64
Int_1134	Int64
Int_1135	Int64
Int_1136	Int64
Int_1137	Int64
Int_1138	Int64
Int_1139	Int64
Int_1140	Int64
Int_1141	Int64
Int_1142	Int64
Int_1143	Int64
Int_1144	Int64
Int_1145	Int64
Int_1146	Int64
Int_1147	Int64
Int_1148	Int64
Int_1149	Int64
Int_1150	Int64
Int_1151	Int64
Int_1152	Int64
Int_1153	Int64
Int_1154	Int64
Int_1155	Int64
Int_1156	Int64
Int_1157	Int64
Int_1158	Int64
Int_1159	Int64
Int_1160	Int64
Int_1161	Int64
Int_1162	Int64
Int_1163	Int64
Int_1164	Int64
Int_1165	Int64
Int_1166	Int64
Int_1167	Int64
Int_1168	Int64
Int_1169	Int64
Int_1170	Int64
Int_1171	Int64
Int_1172	Int64
Int_1173	Int64
Int_1174	Int64
Int_1175	Int64
Int_1176	Int64
Int_1177	Int64
Int_1178	Int64
Int_1179	Int64
Int_1180	Int64
Int_1181	Int64
Int_1182	Int64
Int_1183	Int64
Int_1184	Int64
Int_1185	Int64
Int_1186	Int64
Int_1187	Int64
Int_1188	Int64
Int_1189	Int64
Int_1190	Int64
Int_1191	Int64
Int_1192	Int64
Int_1193	Int64
Int_1194	Int64
Int_1195	Int64
Int_1196	Int64
Int_1197	Int64
Int_1198	Int64
Int_1199	Int64
Int_1200	Int64
Int_1201	Int64
Int_1202	Int64
Int_1203	Int64
Int_1204	Int64
Int_1205	Int64
Int_1206	Int64
Int_1207	Int64
Int_1208	Int64
Int_1209	Int64
Int_1210	Int64
Int_1211	Int64
Int_1212	Int64
Int_1213	Int64
Int_1214	Int64
Int_1215	Int64
Int_1216	Int64
Int_1217	Int64
Int_1218	Int64
Int_1219	Int64
Int_1220	Int64
Int_1221	Int64
Int_1222	Int64
Int_1223	Int64
Int_1224	Int64
Int_1225	Int64
Int_1226	Int64
Int_1227	Int64
Int_1228	Int64
Int_1229	Int64
Int_1230	Int64
Int_1231	Int64
Int_1232	Int64
Int_1233	Int64
Int_1234	Int64
Int_1235	Int64
Int_1236	Int64
Int_1237	Int64
Int_1238	Int64
Int_1239	Int64
Int_1240	Int64
Int_1241	Int64
Int_1242	Int64
Int_1243	Int64
Int_1244	Int64
Int_1245	Int64
Int_1246	Int64
Int_1247	Int64
Int_1248	Int64
Int_1249	Int64
Int_1250	Int64
Int_1251	Int64
Int_1252	Int64
Int_1253	Int64
Int_1254	Int64
Int_1255	Int64
Int_1256	Int64
Int_1257	Int64
Int_1258	Int64
Int_1259	Int64
Int_1260	Int64
Int_1261	Int64
Int_1262	Int64
Int_1263	Int64
Int_1264	Int64
Int_1265	Int64
Int_1266	Int64
Int_1267	Int64
Int_1268	Int64
Int_1269	Int64
Int_1270	Int64
Int_1271	Int64
Int_1272	Int64
Int_1273	Int64
Int_1274	Int64
Int_1275	Int64
Int_1276	Int64
Int_1277	Int64
Int_1278	Int64
Int_1279	Int64
Int_1280	Int64
Int_1281	Int64
Int_1282	Int64
Int_1283	Int64
Int_1284	Int64
Int_1285	Int64
Int_1286	Int64
Int_1287	Int64
Int_1288	Int64
Int_1289	Int64
Int_1290	Int64
Int_1291	Int64
Int_1292	Int64
Int_1293	Int64
Int_1294	Int64
Int_1295	Int64
Int_1296	Int64
Int_1297	Int64
Int_1298	Int64
Int_1299	Int64
Int_1300	Int64
Int_1301	Int64
Int_1302	Int64
Int_1303	Int64
Int_1304	Int64
Int_1305	Int64
Int_1306	Int64
Int_1307	Int64
Int_1308	Int64
Int_1309	Int64
Int_1310	Int64
Int_1311	Int64
Int_1312	Int64
Int_1313	Int64
Int_1314	Int64
Int_1315	Int64
Int_1316	Int64
Int_1317	Int64
Int_1318	Int64
Int_1319	Int64
Int_1320	Int64
Int_1321	Int64
Int_1322	Int64
Int_1323	Int64
Int_1324	Int64
Int_1325	Int64
Int_1326	Int64
Int_1327	Int64
Int_1328	Int64
Int_1329	Int64
Int_1330	Int64
Int_1331	Int64
Int_1332	Int64
Int_1333	Int64
Int_1334	Int64
Int_1335	Int64
Int_1336	Int64
Int_1337	Int64
Int_1338	Int64
Int_1339	Int64
Int_1340	Int64
Int_1341	Int64
Int_1342	Int64
Int_1343	Int64
Int_1344	Int64
Int_1345	Int64
Int_1346	Int64
Int_1347	Int64
Int_1348	Int64
Int_1349	Int64
Int_1350	Int64
Int_1351	Int64
Int_1352	Int64
Int_1353	Int64
Int_1354	Int64
Int_1355	Int64
Int_1356	Int64
Int_1357	Int64
Int_1358	Int64
Int_1359	Int64
Int_1360	Int64
Int_1361	Int64
Int_1362	Int64
Int_1363	Int64
Int_1364	Int64
Int_1365	Int64
Int_1366	Int64
Int_1367	Int64
Int_1368	Int64
Int_1369	Int64
Int_1370	Int64
Int_1371	Int64
Int_1372	Int64
Int_1373	Int64
Int_1374	Int64
Int_1375	Int64
Int_1376	Int64
Int_1377	Int64
Int_1378	Int64
Int_1379	Int64
Int_1380	Int64
Int_1381	Int64
Int_1382	Int64
Int_1383	Int64
Int_1384	Int64
Int_1385	Int64
Int_1386	Int64
Int_1387	Int64
Int_1388	Int64
Int_1389	Int64
Int_1390	Int64
Int_1391	Int64
Int_1392	Int64
Int_1393	Int64
Int_1394	Int64
Int_1395	Int64
Int_1396	Int64
Int_1397	Int64
Int_1398	Int64
Int_1399	Int64
Int_1400	Int64
Int_1401	Int64
Int_1402	Int64
Int_1403	Int64
Int_1404	Int64
Int_1405	Int64
Int_1406	Int64
Int_1407	Int64
Int_1408	Int64
Int_1409	Int64
Int_1410	Int64
Int_1411	Int64
Int_1412	Int64
Int_1413	Int64
Int_1414	Int64
Int_1415	Int64
Int_1416	Int64
Int_1417	Int64
Int_1418	Int64
Int_1419	Int64
Int_1420	Int64
Int_1421	Int64
Int_1422	Int64
Int_1423	Int64
Int_1424	Int64
Int_1425	Int64
Int_1426	Int64
Int_1427	Int64
Int_1428	Int64
Int_1429	Int64
Int_1430	Int64
Int_1431	Int64
Int_1432	Int64
Int_1433	Int64
Int_1434	Int64
Int_1435	Int64
Int_1436	Int64
Int_1437	Int64
Int_1438	Int64
Int_1439	Int64
Int_1440	Int64
Int_1441	Int64
Int_1442	Int64
Int_1443	Int64
Int_1444	Int64
Int_1445	Int64
Int_1446	Int64
Int_1447	Int64
Int_1448	Int64
Int_1449	Int64
Int_1450	Int64
Int_1451	Int64
Int_1452	Int64
Int_1453	Int64
Int_1454	Int64
Int_1455	Int64
Int_1456	Int64
Int_1457	Int64
Int_1458	Int64
Int_1459	Int64
Int_1460	Int64
Int_1461	Int64
Int_1462	Int64
Int_1463	Int64
Int_1464	Int64
Int_1465	Int64
Int_1466	Int64
Int_1467	Int64
Int_1468	Int64
Int_1469	Int64
Int_1470	Int64
Int_1471	Int64
Int_1472	Int64
Int_1473	Int64
Int_1474	Int64
Int_1475	Int64
Int_1476	Int64
Int_1477	Int64
Int_1478	Int64
Int_1479	Int64
Int_1480	Int64
Int_1481	Int64
Int_1482	Int64
Int_1483	Int64
Int_1484	Int64
Int_1485	Int64
Int_1486	Int64
Int_1487	Int64
Int_1488	Int64
Int_1489	Int64
Int_1490	Int64
Int_1491	Int64
Int_1492	Int64
Int_1493	Int64
Int_1494	Int64
Int_1495	Int64
Int_1496	Int64
Int_1497	Int64
Int_1498	Int64
Int_1499	Int64
Int_1500	Int64
Int_1501	Int64
Int_1502	Int64
Int_1503	Int64
Int_1504	Int64
Int_1505	Int64
Int_1506	Int64
Int_1507	Int64
Int_1508	Int64
Int_1509	Int64
Int_1510	Int64
Int_1511	Int64
Int_1512	Int64
Int_1513	Int64
Int_1514	Int64
Int_1515	Int64
Int_1516	Int64
Int_1517	Int64
Int_1518	Int64
Int_1519	Int64
Int_1520	Int64
Int_1521	Int64
Int_1522	Int64
Int_1523	Int64
Int_1524	Int64
Int_1525	Int64
Int_1526	Int64
Int_1527	Int64
Int_1528	Int64
Int_1529	Int64
Int_1530	Int64
Int_1531	Int64
Int_1532	Int64
Int_1533	Int64
Int_1534	Int64
Int_1535	Int64
Int_1536	Int64
Int_1537	Int64
Int_1538	Int64
Int_1539	Int64
Int_1540	Int64
Int_1541	Int64
Int_1542	Int64
Int_1543	Int64
Int_1544	Int64
Int_1545	Int64
Int_1546	Int64
Int_1547	Int64
Int_1548	Int64
Int_1549	Int64
Int_1550	Int64
Int_1551	Int64
Int_1552	Int64
Int_1553	Int64
Int_1554	Int64
Int_1555	Int64
Int_1556	Int64
Int_1557	Int64
Int_1558	Int64
Int_1559	Int64
Int_1560	Int64
Int_1561	Int64
Int_1562	Int64
Int_1563	Int64
Int_1564	Int64
Int_1565	Int64
Int_1566	Int64
Int_1567	Int64
Int_1568	Int64
Int_1569	Int64
Int_1570	Int64
Int_1571	Int64
Int_1572	Int64
Int_1573	Int64
Int_1574	Int64
Int_1575	Int64
Int_1576	Int64
Int_1577	Int64
Int_1578	Int64
Int_1579	Int64
Int_1580	Int64
Int_1581	Int64
Int_1582	Int64
Int_1583	Int64
Int_1584	Int64
Int_1585	Int64
Int_1586	Int64
Int_1587	Int64
Int_1588	Int64
Int_1589	Int64
Int_1590	Int64
Int_1591	Int64
Int_1592	Int64
Int_1593	Int64
Int_1594	Int64
Int_1595	Int64
Int_1596	Int64
Int_1597	Int64
Int_1598	Int64
Int_1599	Int64
Int_1600	Int64
Int_1601	Int64
Int_1602	Int64
Int_1603	Int64
Int_1604	Int64
Int_1605	Int64
Int_1606	Int64
Int_1607	Int64
Int_1608	Int64
Int_1609	Int64
Int_1610	Int64
Int_1611	Int64
Int_1612	Int64
Int_1613	Int64
Int_1614	Int64
Int_1615	Int64
Int_1616	Int64
Int_1617	Int64
Int_1618	Int64
Int_1619	Int64
Int_1620	Int64
Int_1621	Int64
Int_1622	Int64
Int_1623	Int64
Int_1624	Int64
Int_1625	Int64
Int_1626	Int64
Int_1627	Int64
Int_1628	Int64
Int_1629	Int64
Int_1630	Int64
Int_1631	Int64
Int_1632	Int64
Int_1633	Int64
Int_1634	Int64
Int_1635	Int64
Int_1636	Int64
Int_1637	Int64
Int_1638	Int64
Int_1639	Int64
Int_1640	Int64
Int_1641	Int64
Int_1642	Int64
Int_1643	Int64
Int_1644	Int64
Int_1645	Int64
Int_1646	Int64
Int_1647	Int64
Int_1648	Int64
Int_1649	Int64
Int_1650	Int64
Int_1651	Int64
Int_1652	Int64
Int_1653	Int64
Int_1654	Int64
Int_1655	Int64
Int_1656	Int64
Int_1657	Int64
Int_1658	Int64
Int_1659	Int64
Int_1660	Int64
Int_1661	Int64
Int_1662	Int64
Int_1663	Int64
Int_1664	Int64
Int_1665	Int64
Int_1666	Int64
Int_1667	Int64
Int_1668	Int64
Int_1669	Int64
Int_1670	Int64
Int_1671	Int64
Int_1672	Int64
Int_1673	Int64
Int_1674	Int64
Int_1675	Int64
Int_1676	Int64
Int_1677	Int64
Int_1678	Int64
Int_1679	Int64
Int_1680	Int64
Int_1681	Int64
Int_1682	Int64
Int_1683	Int64
Int_1684	Int64
Int_1685	Int64
Int_1686	Int64
Int_1687	Int64
Int_1688	Int64
Int_1689	Int64
Int_1690	Int64
Int_1691	Int64
Int_1692	Int64
Int_1693	Int64
Int_1694	Int64
Int_1695	Int64
Int_1696	Int64
Int_1697	Int64
Int_1698	Int64
Int_1699	Int64
Int_1700	Int64
Int_1701	Int64
Int_1702	Int64
Int_1703	Int64
Int_1704	Int64
Int_1705	Int64
Int_1706	Int64
Int_1707	Int64
Int_1708	Int64
Int_1709	Int64
Int_1710	Int64
Int_1711	Int64
Int_1712	Int64
Int_1713	Int64
Int_1714	Int64
Int_1715	Int64
Int_1716	Int64
Int_1717	Int64
Int_1718	Int64
Int_1719	Int64
Int_1720	Int64
Int_1721	Int64
Int_1722	Int64
Int_1723	Int64
Int_1724	Int64
Int_1725	Int64
Int_1726	Int64
Int_1727	Int64
Int_1728	Int64
Int_1729	Int64
Int_1730	Int64
Int_1731	Int64
Int_1732	Int64
Int_1733	Int64
Int_1734	Int64
Int_1735	Int64
Int_1736	Int64
Int_1737	Int64
Int_1738	Int64
Int_1739	Int64
Int_1740	Int64
Int_1741	Int64
Int_1742	Int64
Int_1743	Int64
Int_1744	Int64
Int_1745	Int64
Int_1746	Int64
Int_1747	Int64
Int_1748	Int64
Int_1749	Int64
Int_1750	Int64
Int_1751	Int64
Int_1752	Int64
Int_1753	Int64
Int_1754	Int64
Int_1755	Int64
Int_1756	Int64
Int_1757	Int64
Int_1758	Int64
Int_1759	Int64
Int_1760	Int64
Int_1761	Int64
Int_1762	Int64
Int_1763	Int64
Int_1764	Int64
Int_1765	Int64
Int_1766	Int64
Int_1767	Int64
Int_1768	Int64
Int_1769	Int64
Int_1770	Int64
Int_1771	Int64
Int_1772	Int64
Int_1773	Int64
Int_1774	Int64
Int_1775	Int64
Int_1776	Int64
Int_1777	Int64
Int_1778	Int64
Int_1779	Int64
Int_1780	Int64
Int_1781	Int64
Int_1782	Int64
Int_1783	Int64
Int_1784	Int64
Int_1785	Int64
Int_1786	Int64
Int_1787	Int64
Int_1788	Int64
Int_1789	Int64
Int_1790	Int64
Int_1791	Int64
Int_1792	Int64
Int_1793	Int64
Int_1794	Int64
Int_1795	Int64
Int_1796	Int64
Int_1797	Int64
Int_1798	Int64
Int_1799	Int64
Int_1800	Int64
Int_1801	Int64
Int_1802	Int64
Int_1803	Int64
Int_1804	Int64
Int_1805	Int64
Int_1806	Int64
Int_1807	Int64
Int_1808	Int64
Int_1809	Int64
Int_1810	Int64
Int_1811	Int64
Int_1812	Int64
Int_1813	Int64
Int_1814	Int64
Int_1815	Int64
Int_1816	Int64
Int_1817	Int64
Int_1818	Int64
Int_1819	Int64
Int_1820	Int64
Int_1821	Int64
Int_1822	Int64
Int_1823	Int64
Int_1824	Int64
Int_1825	Int64
Int_1826	Int64
Int_1827	Int64
Int_1828	Int64
Int_1829	Int64
Int_1830	Int64
Int_1831	Int64
Int_1832	Int64
Int_1833	Int64
Int_1834	Int64
Int_1835	Int64
Int_1836	Int64
Int_1837	Int64
Int_1838	Int64
Int_1839	Int64
Int_1840	Int64
Int_1841	Int64
Int_1842	Int64
Int_1843	Int64
Int_1844	Int64
Int_1845	Int64
Int_1846	Int64
Int_1847	Int64
Int_1848	Int64
Int_1849	Int64
Int_1850	Int64
Int_1851	Int64
Int_1852	Int64
Int_1853	Int64
Int_1854	Int64
Int_1855	Int64
Int_1856	Int64
Int_1857	Int64
Int_1858	Int64
Int_1859	Int64
Int_1860	Int64
Int_1861	Int64
Int_1862	Int64
Int_1863	Int64
Int_1864	Int64
Int_1865	Int64
Int_1866	Int64
Int_1867	Int64
Int_1868	Int64
Int_1869	Int64
Int_1870	Int64
Int_1871	Int64
Int_1872	Int64
Int_1873	Int64
Int_1874	Int64
Int_1875	Int64
Int_1876	Int64
Int_1877	Int64
Int_1878	Int64
Int_1879	Int64
Int_1880	Int64
Int_1881	Int64
Int_1882	Int64
Int_1883	Int64
Int_1884	Int64
Int_1885	Int64
Int_1886	Int64
Int_1887	Int64
Int_1888	Int64
Int_1889	Int64
Int_1890	Int64
Int_1891	Int64
Int_1892	Int64
Int_1893	Int64
Int_1894	Int64
Int_1895	Int64
Int_1896	Int64
Int_1897	Int64
Int_1898	Int64
Int_1899	Int64
Int_1900	Int64
Int_1901	Int64
Int_1902	Int64
Int_1903	Int64
Int_1904	Int64
Int_1905	Int64
Int_1906	Int64
Int_1907	Int64
Int_1908	Int64
Int_1909	Int64
Int_1910	Int64
Int_1911	Int64
Int_1912	Int64
Int_1913	Int64
Int_1914	Int64
Int_1915	Int64
Int_1916	Int64
Int_1917	Int64
Int_1918	Int64
Int_1919	Int64
Int_1920	Int64
Int_1921	Int64
Int_1922	Int64
Int_1923	Int64
Int_1924	Int64
Int_1925	Int64
Int_1926	Int64
Int_1927	Int64
Int_1928	Int64
Int_1929	Int64
Int_1930	Int64
Int_1931	Int64
Int_1932	Int64
Int_1933	Int64
Int_1934	Int64
Int_1935	Int64
Int_1936	Int64
Int_1937	Int64
Int_1938	Int64
Int_1939	Int64
Int_1940	Int64
Int_1941	Int64
Int_1942	Int64
Int_1943	Int64
Int_1944	Int64
Int_1945	Int64
Int_1946	Int64
Int_1947	Int64
Int_1948	Int64
Int_1949	Int64
Int_1950	Int64
Int_1951	Int64
Int_1952	Int64
Int_1953	Int64
Int_1954	Int64
Int_1955	Int64
Int_1956	Int64
Int_1957	Int64
Int_1958	Int64
Int_1959	Int64
Int_1960	Int64
Int_1961	Int64
Int_1962	Int64
Int_1963	Int64
Int_1964	Int64
Int_1965	Int64
Int_1966	Int64
Int_1967	Int64
Int_1968	Int64
Int_1969	Int64
Int_1970	Int64
Int_1971	Int64
Int_1972	Int64
Int_1973	Int64
Int_1974	Int64
Int_1975	Int64
Int_1976	Int64
Int_1977	Int64
Int_1978	Int64
Int_1979	Int64
Int_1980	Int64
Int_1981	Int64
Int_1982	Int64
Int_1983	Int64
Int_1984	Int64
Int_1985	Int64
Int_1986	Int64
Int_1987	Int64
Int_1988	Int64
Int_1989	Int64
Int_1990	Int64
Int_1991	Int64
Int_1992	Int64
Int_1993	Int64
Int_1994	Int64
Int_1995	Int64
Int_1996	Int64
Int_1997	Int64
Int_1998	Int64
Int_1999	Int64
Int_2000	Int64
